,Med,MAD,Mean,SD
voice,3.63148,2.91392,-0.3069422547492992,13.644175300708598
acc,7.39389,2.1132300000000006,7.525457585383578,3.856543623852133
